invoice_id,manifest_id,shipper_name,consignee_name,consignee_city,commodity_hs_code,commodity_description,quantity,unit_price_cad,total_value_cad,currency_original,exchange_rate,payment_terms,invoice_date
INV00001,M0168,Global Commodities Ltd,St-Laurent Logistics,Montreal,6090.49,Industrial pumps,5955,128.94,767837.7,EUR,1.6933,NET30,2025-01-07
INV00002,M0123,Nordic Shipping AB,Ontario Imports Corp,Laval,1111.99,Office furniture,1326,70.69,93734.94,EUR,1.8929,LC_AT_SIGHT,2025-12-05
INV00003,M0123,Atlantic Exports BV,Eastern Canada Imports Ltd,Toronto,5057.48,Cotton textiles,1210,118.33,143179.3,EUR,1.7641,NET60,2025-11-22
INV00004,M0037,Rhine Trading GmbH,Atlantic Commerce Group,Ottawa,6654.37,Cotton textiles,1170,267.6,313092.0,EUR,1.6696,LC_AT_SIGHT,2025-04-03
INV00005,M0026,Channel Freight UK,Great Northern Distribution,Trois-Rivieres,6450.27,Industrial pumps,2343,377.46,884388.78,USD,1.6868,NET60,2025-09-20
INV00006,M0154,Rhine Trading GmbH,Canadian Wholesale Group,Quebec City,7687.75,Industrial pumps,4718,390.59,1842803.62,EUR,1.4773,NET30,2025-04-16
INV00007,M0099,Channel Freight UK,Eastern Canada Imports Ltd,Longueuil,1156.50,Cotton textiles,1897,124.34,235872.98,EUR,1.8165,CAD,2025-07-12
INV00008,M0140,Atlantic Exports BV,Distribution Quebec Inc.,Hamilton,1811.43,Industrial pumps,2880,382.55,1101744.0,EUR,1.8535,LC_AT_SIGHT,2025-09-10
INV00009,M0161,TransEuropa SpA,Great Northern Distribution,Toronto,9178.78,Pharmaceutical ingredients,8259,384.72,3177402.48,GBP,1.4665,NET90,2025-02-17
INV00010,M0053,TransEuropa SpA,Atlantic Commerce Group,Toronto,4999.65,Industrial pumps,2595,270.51,701973.45,EUR,1.4467,LC_AT_SIGHT,2025-02-15
INV00011,M0157,Euro Freight SA,Eastern Canada Imports Ltd,Montreal,2799.11,Cotton textiles,951,158.1,150353.1,EUR,1.8718,CAD,2025-09-26
INV00012,M0185,Euro Freight SA,Canadian Wholesale Group,Toronto,1352.64,Household appliances,4297,87.65,376632.05,EUR,1.3383,CAD,2025-11-03
INV00013,M0128,Rhine Trading GmbH,Les Entrepots du Fleuve,Hamilton,3157.30,Household appliances,7507,257.84,1935604.88,EUR,1.8366,NET30,2025-04-24
INV00014,M0131,Rhine Trading GmbH,Maple Leaf Trading Co,Montreal,7056.59,Cotton textiles,92,26.8,2465.6,GBP,1.8587,NET30,2025-09-26
INV00015,M0183,Nordic Shipping AB,Great Northern Distribution,Trois-Rivieres,4419.83,Office furniture,6920,116.14,803688.8,EUR,1.6012,NET30,2025-03-08
INV00016,M0133,Atlantic Exports BV,Les Entrepots du Fleuve,Sherbrooke,4951.21,Steel coils,802,477.27,382770.54,EUR,1.3048,NET60,2025-05-19
INV00017,M0078,Channel Freight UK,Les Entrepots du Fleuve,Quebec City,7941.29,Electronic components,4024,234.64,944191.36,EUR,1.3143,CAD,2025-06-21
INV00018,M0178,Rhine Trading GmbH,Great Northern Distribution,Sherbrooke,2336.77,Industrial pumps,207,475.74,98478.18,EUR,1.5952,NET30,2025-03-23
INV00019,M0072,Nordic Shipping AB,Ontario Imports Corp,Gatineau,9957.68,Auto parts - brakes,1574,26.73,42073.02,EUR,1.3573,NET60,2025-11-27
INV00020,M0101,Rhine Trading GmbH,Great Northern Distribution,Ottawa,4047.43,Office furniture,1276,297.99,380235.24,EUR,1.7204,NET90,2025-06-15
INV00021,M0070,Nordic Shipping AB,St-Laurent Logistics,Hamilton,2329.23,Cotton textiles,3877,41.97,162717.69,EUR,1.5796,LC_AT_SIGHT,2025-02-18
INV00022,M0092,Hanseatic Trade AG,Canadian Wholesale Group,Toronto,2130.97,Household appliances,3451,228.7,789243.7,EUR,1.3242,NET90,2025-03-03
INV00023,M0183,TransEuropa SpA,Ontario Imports Corp,Montreal,9648.43,Cotton textiles,4116,484.36,1993625.76,EUR,1.8713,LC_AT_SIGHT,2025-09-24
INV00024,M0141,Atlantic Exports BV,St-Laurent Logistics,Toronto,1117.38,Cotton textiles,4143,51.89,214980.27,GBP,1.7942,NET90,2025-11-21
INV00025,M0166,Mediterranean Commerce SRL,Eastern Canada Imports Ltd,Montreal,1835.92,Canned goods,1426,293.25,418174.5,GBP,1.3552,NET90,2025-02-02
INV00026,M0119,Channel Freight UK,Great Northern Distribution,Gatineau,7313.58,Polyethylene pellets,879,88.15,77483.85,GBP,1.5124,NET60,2025-05-09
INV00027,M0115,Channel Freight UK,Atlantic Commerce Group,Quebec City,9247.73,Polyethylene pellets,2485,22.15,55042.75,EUR,1.5874,NET30,2025-05-13
INV00028,M0036,Iberian Logistics SL,Maple Leaf Trading Co,Longueuil,1258.55,Canned goods,6918,103.73,717604.14,EUR,1.7689,NET90,2025-10-17
INV00029,M0083,Rhine Trading GmbH,Metro Supply Chain,Hamilton,3813.45,Electronic components,6413,138.87,890573.31,EUR,1.6177,CAD,2025-04-06
INV00030,M0026,Mediterranean Commerce SRL,Ontario Imports Corp,Montreal,3883.59,Office furniture,4110,330.15,1356916.5,GBP,1.4057,CAD,2025-06-26
INV00031,M0189,Rhine Trading GmbH,Metro Supply Chain,Hamilton,8228.82,Industrial pumps,5928,457.42,2711585.76,EUR,1.6253,NET60,2025-08-02
INV00032,M0024,Nordic Shipping AB,Distribution Quebec Inc.,Longueuil,7110.52,Pharmaceutical ingredients,970,120.15,116545.5,GBP,1.7839,NET90,2025-12-06
INV00033,M0083,Channel Freight UK,St-Laurent Logistics,Toronto,7756.19,Office furniture,1025,15.85,16246.25,EUR,1.6516,NET90,2025-05-11
INV00034,M0035,TransEuropa SpA,Les Entrepots du Fleuve,Trois-Rivieres,3281.98,Pharmaceutical ingredients,2630,367.51,966551.3,USD,1.4339,CAD,2025-03-13
INV00035,M0079,Rhine Trading GmbH,Atlantic Commerce Group,Gatineau,8214.33,Pharmaceutical ingredients,4875,68.04,331695.0,USD,1.8526,CAD,2025-04-21
INV00036,M0145,Euro Freight SA,Metro Supply Chain,Toronto,4054.50,Cotton textiles,1755,468.66,822498.3,EUR,1.793,NET90,2025-08-01
INV00037,M0068,Atlantic Exports BV,Metro Supply Chain,Sherbrooke,2310.16,Polyethylene pellets,3485,128.52,447892.2,EUR,1.7396,NET60,2025-07-16
INV00038,M0097,Atlantic Exports BV,Les Entrepots du Fleuve,Hamilton,9397.38,Cotton textiles,5804,275.28,1597725.12,EUR,1.3442,NET30,2025-05-01
INV00039,M0082,Atlantic Exports BV,Metro Supply Chain,Ottawa,5830.19,Steel coils,4328,476.07,2060430.96,EUR,1.5028,CAD,2025-08-23
INV00040,M0008,Euro Freight SA,Atlantic Commerce Group,Gatineau,3016.22,Office furniture,7116,471.51,3355265.16,GBP,1.8846,LC_AT_SIGHT,2025-12-18
INV00041,M0185,Mediterranean Commerce SRL,Canadian Wholesale Group,Quebec City,2216.60,Pharmaceutical ingredients,8899,136.31,1213022.69,EUR,1.8039,NET60,2025-01-12
INV00042,M0001,Channel Freight UK,Les Entrepots du Fleuve,Quebec City,2213.36,Cotton textiles,7055,48.38,341320.9,USD,1.8862,LC_AT_SIGHT,2025-02-10
INV00043,M0102,Mediterranean Commerce SRL,Eastern Canada Imports Ltd,Longueuil,5933.57,Polyethylene pellets,7765,247.1,1918731.5,USD,1.4119,NET30,2025-05-15
INV00044,M0120,Mediterranean Commerce SRL,Atlantic Commerce Group,Montreal,2999.95,Auto parts - brakes,4365,116.99,510661.35,EUR,1.7009,CAD,2025-07-25
INV00045,M0151,TransEuropa SpA,Ontario Imports Corp,Gatineau,7897.70,Pharmaceutical ingredients,3777,279.03,1053896.31,GBP,1.5858,NET30,2025-07-28
INV00046,M0183,Iberian Logistics SL,Atlantic Commerce Group,Hamilton,2825.67,Cotton textiles,618,253.54,156687.72,GBP,1.8833,NET60,2025-03-02
INV00047,M0109,TransEuropa SpA,Maple Leaf Trading Co,Ottawa,8643.50,Auto parts - brakes,1333,494.2,658768.6,EUR,1.5329,LC_AT_SIGHT,2025-09-11
INV00048,M0071,Rhine Trading GmbH,Atlantic Commerce Group,Hamilton,7663.24,Polyethylene pellets,8564,231.79,1985049.56,GBP,1.3889,CAD,2025-10-25
INV00049,M0026,Atlantic Exports BV,Canadian Wholesale Group,Longueuil,5462.43,Polyethylene pellets,1780,283.53,504683.4,EUR,1.6432,LC_AT_SIGHT,2025-01-06
INV00050,M0071,Channel Freight UK,Great Northern Distribution,Montreal,6052.98,Industrial pumps,6652,76.21,506948.92,EUR,1.7474,NET90,2025-06-01
INV00051,M0087,Hanseatic Trade AG,Eastern Canada Imports Ltd,Quebec City,2748.66,Office furniture,5015,158.92,796983.8,USD,1.7373,CAD,2025-11-03
INV00052,M0049,TransEuropa SpA,Les Entrepots du Fleuve,Longueuil,5717.75,Cotton textiles,7287,109.64,798946.68,EUR,1.4867,CAD,2025-07-05
INV00053,M0200,Rhine Trading GmbH,St-Laurent Logistics,Quebec City,3517.41,Electronic components,8639,440.27,3803492.53,EUR,1.3303,NET90,2025-12-07
INV00054,M0071,Iberian Logistics SL,Great Northern Distribution,Toronto,9713.40,Office furniture,6085,412.64,2510914.4,EUR,1.6564,NET60,2025-08-19
INV00055,M0142,Mediterranean Commerce SRL,Eastern Canada Imports Ltd,Sherbrooke,1359.16,Cotton textiles,5780,175.4,1013812.0,EUR,1.7679,NET60,2025-04-21
INV00056,M0058,TransEuropa SpA,Ontario Imports Corp,Montreal,9711.70,Cotton textiles,3437,138.2,474993.4,GBP,1.6607,NET30,2025-04-09
INV00057,M0156,Mediterranean Commerce SRL,Great Northern Distribution,Gatineau,5468.42,Industrial pumps,5054,357.81,1808371.74,EUR,1.4813,CAD,2025-10-13
INV00058,M0150,Global Commodities Ltd,Ontario Imports Corp,Hamilton,8746.48,Auto parts - brakes,1726,8.64,14912.64,EUR,1.3383,NET90,2025-11-11
INV00059,M0071,Mediterranean Commerce SRL,Maple Leaf Trading Co,Ottawa,7640.17,Pharmaceutical ingredients,4328,329.78,1427287.84,EUR,1.6963,NET60,2025-12-01
INV00060,M0168,Mediterranean Commerce SRL,Great Northern Distribution,Gatineau,5914.84,Pharmaceutical ingredients,8198,498.75,4088752.5,GBP,1.5059,NET60,2025-11-18
INV00061,M0164,Global Commodities Ltd,Ontario Imports Corp,Sherbrooke,3194.81,Cotton textiles,7844,453.73,3559058.12,USD,1.3586,NET60,2025-12-09
INV00062,M0186,Euro Freight SA,Metro Supply Chain,Toronto,3855.38,Household appliances,9209,382.64,3523731.76,EUR,1.7729,NET90,2025-06-09
INV00063,M0150,Atlantic Exports BV,Les Entrepots du Fleuve,Montreal,9184.84,Pharmaceutical ingredients,4867,234.56,1141603.52,EUR,1.5833,NET60,2025-09-04
INV00064,M0175,TransEuropa SpA,Distribution Quebec Inc.,Ottawa,2735.53,Polyethylene pellets,6303,267.27,1684602.81,EUR,1.8357,LC_AT_SIGHT,2025-03-11
INV00065,M0184,Hanseatic Trade AG,Metro Supply Chain,Ottawa,5091.17,Electronic components,3004,390.58,1173302.32,EUR,1.4641,NET60,2025-10-25
INV00066,M0041,Atlantic Exports BV,St-Laurent Logistics,Hamilton,6591.64,Polyethylene pellets,8071,393.68,3177391.28,EUR,1.8792,LC_AT_SIGHT,2025-01-02
INV00067,M0137,Rhine Trading GmbH,Metro Supply Chain,Longueuil,3412.96,Electronic components,3317,366.68,1216277.56,GBP,1.4358,NET90,2025-05-05
INV00068,M0027,Mediterranean Commerce SRL,St-Laurent Logistics,Toronto,1548.47,Canned goods,6334,254.15,1609786.1,EUR,1.6578,NET90,2025-07-22
INV00069,M0035,Hanseatic Trade AG,Metro Supply Chain,Quebec City,3161.12,Industrial pumps,5665,498.09,2821679.85,GBP,1.7363,NET60,2025-04-24
INV00070,M0006,Atlantic Exports BV,Metro Supply Chain,Montreal,5891.42,Steel coils,9711,254.79,2474265.69,EUR,1.3292,NET30,2025-11-04
INV00071,M0168,Atlantic Exports BV,Great Northern Distribution,Laval,5825.80,Household appliances,373,28.88,10772.24,EUR,1.7211,NET60,2025-12-22
INV00072,M0162,Atlantic Exports BV,Ontario Imports Corp,Sherbrooke,8987.99,Cotton textiles,202,154.05,31118.1,EUR,1.7984,NET30,2025-09-24
INV00073,M0159,Atlantic Exports BV,Les Entrepots du Fleuve,Quebec City,8735.43,Steel coils,1978,144.94,286691.32,GBP,1.5148,LC_AT_SIGHT,2025-05-06
INV00074,M0011,Nordic Shipping AB,Les Entrepots du Fleuve,Trois-Rivieres,4010.11,Auto parts - brakes,9030,250.7,2263821.0,EUR,1.8011,LC_AT_SIGHT,2025-03-03
INV00075,M0200,Atlantic Exports BV,Canadian Wholesale Group,Quebec City,6847.43,Canned goods,8433,42.15,355450.95,EUR,1.3599,NET60,2025-01-28
INV00076,M0075,Global Commodities Ltd,Great Northern Distribution,Toronto,2215.11,Cotton textiles,5951,401.79,2391052.29,GBP,1.4972,LC_AT_SIGHT,2025-10-09
INV00077,M0188,Global Commodities Ltd,St-Laurent Logistics,Toronto,6161.68,Household appliances,1572,189.45,297815.4,EUR,1.7139,LC_AT_SIGHT,2025-07-21
INV00078,M0043,Rhine Trading GmbH,St-Laurent Logistics,Toronto,6385.71,Pharmaceutical ingredients,1902,70.59,134262.18,EUR,1.4088,LC_AT_SIGHT,2025-06-20
INV00079,M0008,Hanseatic Trade AG,Eastern Canada Imports Ltd,Gatineau,6615.18,Household appliances,2190,244.12,534622.8,USD,1.3074,CAD,2025-12-19
INV00080,M0186,Global Commodities Ltd,Ontario Imports Corp,Longueuil,9899.89,Auto parts - brakes,9307,115.87,1078402.09,EUR,1.697,NET60,2025-08-12
INV00081,M0170,Iberian Logistics SL,Atlantic Commerce Group,Montreal,1192.30,Steel coils,6355,78.58,499375.9,EUR,1.8111,NET60,2025-02-25
INV00082,M0126,Mediterranean Commerce SRL,Distribution Quebec Inc.,Longueuil,3880.92,Polyethylene pellets,5303,124.24,658844.72,EUR,1.7903,NET30,2025-08-15
INV00083,M0147,Hanseatic Trade AG,Les Entrepots du Fleuve,Trois-Rivieres,2573.93,Electronic components,7391,48.57,358980.87,EUR,1.5421,NET30,2025-09-18
INV00084,M0001,Channel Freight UK,Canadian Wholesale Group,Longueuil,8136.93,Canned goods,1539,396.93,610875.27,USD,1.518,NET30,2025-04-28
INV00085,M0117,Channel Freight UK,Atlantic Commerce Group,Laval,9456.67,Auto parts - brakes,5489,282.27,1549380.03,EUR,1.7556,NET60,2025-01-11
INV00086,M0091,Global Commodities Ltd,Eastern Canada Imports Ltd,Montreal,3173.27,Polyethylene pellets,4833,276.11,1334439.63,EUR,1.4526,NET60,2025-04-04
INV00087,M0101,Nordic Shipping AB,Metro Supply Chain,Toronto,6315.91,Pharmaceutical ingredients,3582,231.24,828301.68,EUR,1.7633,LC_AT_SIGHT,2025-08-22
INV00088,M0151,Hanseatic Trade AG,Distribution Quebec Inc.,Longueuil,1680.65,Pharmaceutical ingredients,8310,71.64,595328.4,EUR,1.8546,NET60,2025-12-19
INV00089,M0045,Channel Freight UK,Atlantic Commerce Group,Trois-Rivieres,7459.63,Pharmaceutical ingredients,2153,56.26,121127.78,GBP,1.4642,NET90,2025-05-15
INV00090,M0035,Iberian Logistics SL,Canadian Wholesale Group,Longueuil,5080.90,Industrial pumps,2313,209.31,484134.03,GBP,1.4258,NET90,2025-11-12
INV00091,M0173,Euro Freight SA,Ontario Imports Corp,Longueuil,9891.51,Auto parts - brakes,2223,490.76,1090959.48,USD,1.6374,CAD,2025-10-22
INV00092,M0182,Iberian Logistics SL,Canadian Wholesale Group,Gatineau,1176.23,Electronic components,6889,338.75,2333648.75,EUR,1.3872,NET30,2025-04-09
INV00093,M0193,Mediterranean Commerce SRL,St-Laurent Logistics,Montreal,9847.36,Steel coils,2686,491.85,1321109.1,EUR,1.5152,LC_AT_SIGHT,2025-02-20
INV00094,M0173,Iberian Logistics SL,Great Northern Distribution,Quebec City,7599.46,Electronic components,9255,433.1,4008340.5,EUR,1.5325,NET90,2025-09-02
INV00095,M0004,Hanseatic Trade AG,Maple Leaf Trading Co,Trois-Rivieres,8579.87,Industrial pumps,4167,105.53,439743.51,GBP,1.4765,NET60,2025-11-03
INV00096,M0048,Atlantic Exports BV,Great Northern Distribution,Montreal,6445.81,Household appliances,2897,368.86,1068587.42,GBP,1.3966,NET90,2025-01-11
INV00097,M0120,Global Commodities Ltd,Atlantic Commerce Group,Montreal,9088.94,Household appliances,2586,24.77,64055.22,EUR,1.7739,CAD,2025-06-03
INV00098,M0182,Euro Freight SA,Ontario Imports Corp,Toronto,7430.63,Steel coils,5257,265.07,1393472.99,EUR,1.5421,NET90,2025-04-07
INV00099,M0170,Mediterranean Commerce SRL,Maple Leaf Trading Co,Hamilton,7770.81,Electronic components,5487,168.88,926644.56,EUR,1.7014,LC_AT_SIGHT,2025-04-21
INV00100,M0158,Global Commodities Ltd,Great Northern Distribution,Toronto,5942.79,Household appliances,4044,479.65,1939704.6,EUR,1.8468,NET90,2025-09-26
INV00101,M0131,Mediterranean Commerce SRL,Maple Leaf Trading Co,Trois-Rivieres,7520.22,Cotton textiles,7350,245.97,1807879.5,EUR,1.6199,NET30,2025-04-22
INV00102,M0162,TransEuropa SpA,Eastern Canada Imports Ltd,Quebec City,7899.65,Auto parts - brakes,3542,433.15,1534217.3,GBP,1.3143,NET90,2025-01-03
INV00103,M0019,Mediterranean Commerce SRL,Ontario Imports Corp,Toronto,8339.43,Polyethylene pellets,939,93.11,87430.29,EUR,1.5707,LC_AT_SIGHT,2025-07-11
INV00104,M0005,Iberian Logistics SL,Distribution Quebec Inc.,Hamilton,1884.15,Auto parts - brakes,6431,338.28,2175478.68,USD,1.8568,NET30,2025-05-26
INV00105,M0176,Mediterranean Commerce SRL,Les Entrepots du Fleuve,Gatineau,6094.13,Canned goods,4987,305.25,1522281.75,GBP,1.6201,NET60,2025-12-13
INV00106,M0140,Euro Freight SA,Canadian Wholesale Group,Trois-Rivieres,1180.81,Cotton textiles,4882,480.27,2344678.14,EUR,1.3251,CAD,2025-10-13
INV00107,M0138,Mediterranean Commerce SRL,Maple Leaf Trading Co,Trois-Rivieres,3762.92,Steel coils,9020,473.75,4273225.0,GBP,1.3966,NET60,2025-10-27
INV00108,M0065,Channel Freight UK,Distribution Quebec Inc.,Longueuil,6992.80,Auto parts - brakes,3233,61.74,199605.42,USD,1.703,NET90,2025-02-07
INV00109,M0186,Global Commodities Ltd,Metro Supply Chain,Ottawa,9593.40,Auto parts - brakes,9562,246.16,2353781.92,USD,1.6717,NET60,2025-06-16
INV00110,M0116,Mediterranean Commerce SRL,Atlantic Commerce Group,Ottawa,8282.56,Office furniture,5429,310.09,1683478.61,EUR,1.4012,NET90,2025-04-26
INV00111,M0057,Global Commodities Ltd,St-Laurent Logistics,Trois-Rivieres,7169.67,Office furniture,7195,141.96,1021402.2,USD,1.5922,NET30,2025-03-21
INV00112,M0156,Euro Freight SA,Ontario Imports Corp,Quebec City,4390.19,Auto parts - brakes,1393,421.69,587414.17,EUR,1.8098,NET30,2025-10-19
INV00113,M0104,Rhine Trading GmbH,Ontario Imports Corp,Sherbrooke,7979.70,Cotton textiles,9717,110.32,1071979.44,USD,1.5355,CAD,2025-12-28
INV00114,M0075,Iberian Logistics SL,Eastern Canada Imports Ltd,Gatineau,5674.11,Industrial pumps,2243,235.03,527172.29,EUR,1.7105,CAD,2025-03-15
INV00115,M0041,Channel Freight UK,St-Laurent Logistics,Laval,5515.38,Canned goods,2985,285.35,851769.75,GBP,1.3377,NET90,2025-04-02
INV00116,M0172,Global Commodities Ltd,Great Northern Distribution,Laval,6815.15,Office furniture,3437,261.35,898259.95,EUR,1.7222,CAD,2025-11-27
INV00117,M0071,Channel Freight UK,St-Laurent Logistics,Gatineau,9358.56,Pharmaceutical ingredients,4364,291.42,1271756.88,EUR,1.61,LC_AT_SIGHT,2025-04-17
INV00118,M0104,Global Commodities Ltd,Les Entrepots du Fleuve,Laval,8710.74,Cotton textiles,5831,409.53,2387969.43,EUR,1.3994,NET30,2025-09-21
INV00119,M0072,Euro Freight SA,Metro Supply Chain,Hamilton,2594.39,Polyethylene pellets,3515,79.37,278985.55,USD,1.7322,LC_AT_SIGHT,2025-11-16
INV00120,M0123,TransEuropa SpA,Distribution Quebec Inc.,Quebec City,1526.83,Pharmaceutical ingredients,3502,297.44,1041634.88,GBP,1.3808,CAD,2025-01-19
INV00121,M0038,Euro Freight SA,Ontario Imports Corp,Gatineau,8682.91,Electronic components,966,87.34,84370.44,USD,1.8684,NET60,2025-08-20
INV00122,M0121,TransEuropa SpA,Atlantic Commerce Group,Ottawa,8433.89,Steel coils,7941,89.43,710163.63,USD,1.4006,NET90,2025-08-20
INV00123,M0152,TransEuropa SpA,St-Laurent Logistics,Toronto,1235.76,Steel coils,1177,118.76,139780.52,EUR,1.7959,CAD,2025-02-06
INV00124,M0122,Iberian Logistics SL,Ontario Imports Corp,Toronto,2171.94,Cotton textiles,9877,24.32,240208.64,EUR,1.6236,NET30,2025-11-21
INV00125,M0111,Rhine Trading GmbH,Ontario Imports Corp,Gatineau,3971.58,Office furniture,8603,213.24,1834503.72,EUR,1.7828,CAD,2025-02-14
INV00126,M0035,Nordic Shipping AB,Eastern Canada Imports Ltd,Sherbrooke,8679.62,Household appliances,4220,241.18,1017779.6,GBP,1.3033,NET30,2025-10-17
INV00127,M0031,Nordic Shipping AB,Metro Supply Chain,Gatineau,5623.29,Polyethylene pellets,8565,8.56,73316.4,EUR,1.4522,CAD,2025-07-19
INV00128,M0094,TransEuropa SpA,Maple Leaf Trading Co,Gatineau,8081.71,Cotton textiles,4564,495.94,2263470.16,USD,1.6355,LC_AT_SIGHT,2025-05-10
INV00129,M0148,TransEuropa SpA,St-Laurent Logistics,Toronto,3967.99,Cotton textiles,5691,388.23,2209416.93,EUR,1.4287,LC_AT_SIGHT,2025-06-26
INV00130,M0141,Rhine Trading GmbH,Eastern Canada Imports Ltd,Ottawa,7086.65,Auto parts - brakes,902,84.57,76282.14,EUR,1.4579,NET90,2025-02-20
INV00131,M0010,TransEuropa SpA,Atlantic Commerce Group,Longueuil,4686.17,Cotton textiles,6346,465.69,2955268.74,EUR,1.5634,NET60,2025-11-26
INV00132,M0133,Channel Freight UK,Ontario Imports Corp,Longueuil,9939.88,Cotton textiles,4735,101.4,480129.0,EUR,1.5158,NET30,2025-03-03
INV00133,M0071,TransEuropa SpA,Great Northern Distribution,Hamilton,3576.11,Auto parts - brakes,6594,179.8,1185601.2,EUR,1.6298,CAD,2025-10-12
INV00134,M0089,Nordic Shipping AB,Les Entrepots du Fleuve,Gatineau,8310.43,Cotton textiles,4580,117.02,535951.6,EUR,1.6037,CAD,2025-02-17
INV00135,M0076,Iberian Logistics SL,Canadian Wholesale Group,Longueuil,8342.98,Canned goods,5620,473.77,2662587.4,EUR,1.6379,NET60,2025-06-25
INV00136,M0118,Rhine Trading GmbH,Les Entrepots du Fleuve,Toronto,4318.58,Industrial pumps,7598,448.78,3409830.44,GBP,1.7801,LC_AT_SIGHT,2025-06-17
INV00137,M0138,Mediterranean Commerce SRL,Maple Leaf Trading Co,Sherbrooke,2161.96,Office furniture,209,351.91,73549.19,EUR,1.6327,NET60,2025-08-11
INV00138,M0091,Mediterranean Commerce SRL,St-Laurent Logistics,Quebec City,7335.40,Industrial pumps,3630,447.69,1625114.7,USD,1.4241,NET60,2025-04-27
INV00139,M0159,Atlantic Exports BV,Eastern Canada Imports Ltd,Toronto,9694.73,Pharmaceutical ingredients,5883,82.22,483700.26,EUR,1.7585,CAD,2025-01-28
INV00140,M0124,Hanseatic Trade AG,Atlantic Commerce Group,Sherbrooke,7233.75,Household appliances,6131,312.23,1914282.13,EUR,1.4333,CAD,2025-03-02
INV00141,M0135,Iberian Logistics SL,Distribution Quebec Inc.,Longueuil,5460.97,Cotton textiles,6983,241.77,1688279.91,EUR,1.8859,CAD,2025-08-11
INV00142,M0177,Nordic Shipping AB,Great Northern Distribution,Hamilton,2251.56,Pharmaceutical ingredients,187,10.85,2028.95,USD,1.4123,NET90,2025-04-09
INV00143,M0121,Hanseatic Trade AG,Great Northern Distribution,Quebec City,6399.57,Office furniture,5671,186.13,1055543.23,EUR,1.4678,NET60,2025-10-05
INV00144,M0148,Mediterranean Commerce SRL,Maple Leaf Trading Co,Longueuil,6558.35,Cotton textiles,3794,408.02,1548027.88,GBP,1.5838,NET30,2025-03-14
INV00145,M0128,Iberian Logistics SL,Ontario Imports Corp,Trois-Rivieres,7248.42,Steel coils,2253,497.8,1121543.4,EUR,1.3286,NET30,2025-12-06
INV00146,M0016,Hanseatic Trade AG,Eastern Canada Imports Ltd,Laval,5243.56,Office furniture,3580,407.84,1460067.2,EUR,1.6345,NET90,2025-06-01
INV00147,M0106,Channel Freight UK,Maple Leaf Trading Co,Hamilton,8393.93,Steel coils,2036,178.79,364016.44,GBP,1.8876,NET90,2025-06-11
INV00148,M0173,Hanseatic Trade AG,Eastern Canada Imports Ltd,Gatineau,8846.69,Cotton textiles,8413,246.31,2072206.03,GBP,1.6843,NET90,2025-07-21
INV00149,M0157,Atlantic Exports BV,Eastern Canada Imports Ltd,Ottawa,5339.50,Office furniture,9415,205.36,1933464.4,USD,1.7263,CAD,2025-11-13
INV00150,M0070,Global Commodities Ltd,Atlantic Commerce Group,Longueuil,6762.31,Cotton textiles,7339,391.58,2873805.62,EUR,1.375,NET60,2025-11-09
INV00151,M0191,TransEuropa SpA,Eastern Canada Imports Ltd,Toronto,1870.80,Electronic components,1361,109.23,148662.03,EUR,1.7626,CAD,2025-02-04
INV00152,M0068,TransEuropa SpA,Canadian Wholesale Group,Quebec City,4146.66,Cotton textiles,2594,46.73,121217.62,GBP,1.616,NET60,2025-01-02
INV00153,M0170,Global Commodities Ltd,Les Entrepots du Fleuve,Laval,7944.80,Canned goods,5896,430.88,2540468.48,GBP,1.8817,CAD,2025-03-19
INV00154,M0153,Channel Freight UK,Great Northern Distribution,Longueuil,9191.78,Household appliances,7530,317.37,2389796.1,USD,1.589,NET60,2025-02-15
INV00155,M0079,Euro Freight SA,Canadian Wholesale Group,Montreal,1076.27,Office furniture,6042,209.04,1263019.68,USD,1.5815,NET30,2025-12-16
INV00156,M0194,TransEuropa SpA,Canadian Wholesale Group,Hamilton,3910.80,Office furniture,7866,153.31,1205936.46,GBP,1.547,CAD,2025-07-13
INV00157,M0064,TransEuropa SpA,Great Northern Distribution,Quebec City,4320.64,Industrial pumps,2725,358.89,977975.25,EUR,1.7587,CAD,2025-12-22
INV00158,M0070,Iberian Logistics SL,Canadian Wholesale Group,Gatineau,3418.33,Cotton textiles,4714,325.99,1536716.86,USD,1.3662,LC_AT_SIGHT,2025-10-15
INV00159,M0070,Rhine Trading GmbH,St-Laurent Logistics,Montreal,7812.33,Auto parts - brakes,8110,97.96,794455.6,USD,1.4615,LC_AT_SIGHT,2025-12-01
INV00160,M0060,Hanseatic Trade AG,Maple Leaf Trading Co,Trois-Rivieres,6349.73,Office furniture,1527,79.59,121533.93,EUR,1.7182,NET30,2025-06-03
INV00161,M0193,TransEuropa SpA,Eastern Canada Imports Ltd,Longueuil,7033.34,Household appliances,2443,32.74,79983.82,EUR,1.797,NET30,2025-12-08
INV00162,M0099,Rhine Trading GmbH,Maple Leaf Trading Co,Laval,2276.95,Industrial pumps,7307,127.35,930546.45,EUR,1.5335,NET90,2025-06-06
INV00163,M0162,Iberian Logistics SL,Ontario Imports Corp,Toronto,4271.91,Household appliances,741,373.64,276867.24,GBP,1.5163,NET30,2025-11-07
INV00164,M0029,Global Commodities Ltd,Distribution Quebec Inc.,Ottawa,4584.25,Polyethylene pellets,3916,318.29,1246423.64,GBP,1.3054,NET30,2025-10-26
INV00165,M0177,Euro Freight SA,Metro Supply Chain,Toronto,4130.73,Auto parts - brakes,7836,345.76,2709375.36,EUR,1.5031,NET30,2025-01-12
INV00166,M0166,Atlantic Exports BV,St-Laurent Logistics,Laval,3950.81,Office furniture,2571,352.16,905403.36,EUR,1.7399,NET30,2025-12-13
INV00167,M0092,Rhine Trading GmbH,Les Entrepots du Fleuve,Laval,8147.79,Canned goods,2257,129.09,291356.13,GBP,1.64,CAD,2025-06-11
INV00168,M0188,Channel Freight UK,Ontario Imports Corp,Ottawa,1877.29,Canned goods,7724,141.29,1091323.96,USD,1.7917,CAD,2025-06-15
INV00169,M0001,Euro Freight SA,Distribution Quebec Inc.,Hamilton,5689.40,Office furniture,8339,192.63,1606341.57,EUR,1.695,CAD,2025-07-07
INV00170,M0135,Euro Freight SA,Atlantic Commerce Group,Sherbrooke,5162.92,Office furniture,8201,384.04,3149512.04,EUR,1.3578,NET30,2025-01-27
INV00171,M0034,Nordic Shipping AB,Eastern Canada Imports Ltd,Laval,3422.14,Pharmaceutical ingredients,2976,437.38,1301642.88,EUR,1.6948,CAD,2025-10-23
INV00172,M0152,Nordic Shipping AB,Atlantic Commerce Group,Toronto,1136.93,Canned goods,4243,29.3,124319.9,EUR,1.5808,NET30,2025-06-18
INV00173,M0191,Rhine Trading GmbH,Atlantic Commerce Group,Sherbrooke,7715.19,Household appliances,6864,411.9,2827281.6,EUR,1.8668,CAD,2025-02-04
INV00174,M0186,Nordic Shipping AB,Maple Leaf Trading Co,Longueuil,9441.82,Cotton textiles,3834,268.17,1028163.78,EUR,1.7495,LC_AT_SIGHT,2025-12-04
INV00175,M0197,Hanseatic Trade AG,Great Northern Distribution,Toronto,3133.80,Polyethylene pellets,9496,182.19,1730076.24,EUR,1.5025,NET60,2025-09-20
INV00176,M0114,Iberian Logistics SL,Metro Supply Chain,Trois-Rivieres,6291.65,Office furniture,5822,451.73,2629972.06,EUR,1.4444,CAD,2025-04-13
INV00177,M0197,Mediterranean Commerce SRL,Metro Supply Chain,Laval,6760.10,Electronic components,9065,463.44,4201083.6,USD,1.6575,CAD,2025-03-10
INV00178,M0002,Nordic Shipping AB,Metro Supply Chain,Montreal,9845.80,Steel coils,4970,492.28,2446631.6,EUR,1.6424,CAD,2025-03-04
INV00179,M0010,Euro Freight SA,Canadian Wholesale Group,Trois-Rivieres,8441.39,Household appliances,7592,181.05,1374531.6,USD,1.3551,LC_AT_SIGHT,2025-10-07
INV00180,M0188,Hanseatic Trade AG,St-Laurent Logistics,Laval,9899.83,Auto parts - brakes,1314,363.17,477205.38,EUR,1.6854,NET30,2025-12-26
INV00181,M0148,Rhine Trading GmbH,Metro Supply Chain,Trois-Rivieres,6563.25,Industrial pumps,6301,43.85,276298.85,EUR,1.8572,LC_AT_SIGHT,2025-01-10
INV00182,M0135,Channel Freight UK,St-Laurent Logistics,Trois-Rivieres,7499.38,Cotton textiles,724,163.06,118055.44,EUR,1.7042,LC_AT_SIGHT,2025-08-25
INV00183,M0153,Nordic Shipping AB,Great Northern Distribution,Sherbrooke,6028.26,Office furniture,9474,254.84,2414354.16,EUR,1.5855,NET30,2025-09-13
INV00184,M0068,TransEuropa SpA,St-Laurent Logistics,Ottawa,7181.35,Canned goods,1443,202.27,291875.61,EUR,1.6913,NET60,2025-09-20
INV00185,M0189,Atlantic Exports BV,Canadian Wholesale Group,Gatineau,5197.83,Auto parts - brakes,8639,126.89,1096202.71,EUR,1.703,LC_AT_SIGHT,2025-06-12
INV00186,M0049,Rhine Trading GmbH,Canadian Wholesale Group,Ottawa,5488.66,Pharmaceutical ingredients,5304,175.54,931064.16,GBP,1.5643,NET60,2025-04-22
INV00187,M0096,Atlantic Exports BV,Eastern Canada Imports Ltd,Montreal,4189.28,Household appliances,2605,380.08,990108.4,EUR,1.506,NET30,2025-05-15
INV00188,M0121,Iberian Logistics SL,Maple Leaf Trading Co,Quebec City,7976.43,Steel coils,422,169.28,71436.16,EUR,1.6738,NET60,2025-12-23
INV00189,M0172,Iberian Logistics SL,Distribution Quebec Inc.,Sherbrooke,3117.46,Industrial pumps,351,191.42,67188.42,EUR,1.4628,LC_AT_SIGHT,2025-11-01
INV00190,M0018,Global Commodities Ltd,Eastern Canada Imports Ltd,Montreal,4793.59,Industrial pumps,6417,331.88,2129673.96,EUR,1.6051,NET30,2025-06-16
INV00191,M0153,Nordic Shipping AB,Ontario Imports Corp,Laval,8112.15,Industrial pumps,8759,48.57,425424.63,EUR,1.483,LC_AT_SIGHT,2025-07-24
INV00192,M0041,Global Commodities Ltd,Metro Supply Chain,Sherbrooke,4074.45,Electronic components,351,176.66,62007.66,USD,1.8272,NET30,2025-09-09
INV00193,M0058,TransEuropa SpA,St-Laurent Logistics,Toronto,5876.96,Pharmaceutical ingredients,2535,174.18,441546.3,GBP,1.5504,CAD,2025-03-14
INV00194,M0080,Iberian Logistics SL,St-Laurent Logistics,Quebec City,9327.84,Steel coils,9968,168.0,1674624.0,GBP,1.8176,NET90,2025-12-23
INV00195,M0135,Euro Freight SA,Atlantic Commerce Group,Ottawa,5018.81,Steel coils,2265,217.88,493498.2,EUR,1.4105,NET60,2025-12-01
INV00196,M0196,TransEuropa SpA,Great Northern Distribution,Sherbrooke,6691.45,Cotton textiles,5271,440.67,2322771.57,GBP,1.3641,NET60,2025-01-25
INV00197,M0157,Channel Freight UK,Maple Leaf Trading Co,Hamilton,3939.97,Electronic components,4422,304.77,1347692.94,USD,1.3477,LC_AT_SIGHT,2025-03-17
INV00198,M0155,Global Commodities Ltd,St-Laurent Logistics,Gatineau,7270.27,Cotton textiles,7730,357.45,2763088.5,GBP,1.4358,LC_AT_SIGHT,2025-01-09
INV00199,M0106,Nordic Shipping AB,Maple Leaf Trading Co,Toronto,3266.88,Canned goods,3696,372.47,1376649.12,USD,1.8201,NET60,2025-07-13
INV00200,M0199,TransEuropa SpA,Metro Supply Chain,Gatineau,8883.86,Steel coils,735,305.93,224858.55,EUR,1.6848,NET30,2025-09-04
INV00201,M0116,Rhine Trading GmbH,Maple Leaf Trading Co,Longueuil,7860.15,Steel coils,7535,414.37,3122277.95,EUR,1.6097,NET30,2025-04-10
INV00202,M0113,Mediterranean Commerce SRL,Les Entrepots du Fleuve,Ottawa,6447.88,Electronic components,6571,442.78,2909507.38,EUR,1.8422,LC_AT_SIGHT,2025-11-15
INV00203,M0024,Channel Freight UK,Ontario Imports Corp,Ottawa,6062.51,Canned goods,8252,61.02,503537.04,EUR,1.4073,CAD,2025-12-07
INV00204,M0117,Euro Freight SA,Eastern Canada Imports Ltd,Toronto,2467.91,Office furniture,1527,128.79,196662.33,EUR,1.6143,LC_AT_SIGHT,2025-12-26
INV00205,M0131,TransEuropa SpA,Distribution Quebec Inc.,Ottawa,5282.94,Cotton textiles,2669,192.45,513649.05,GBP,1.8213,NET60,2025-12-02
INV00206,M0108,Hanseatic Trade AG,Canadian Wholesale Group,Ottawa,2526.35,Electronic components,5097,158.21,806396.37,EUR,1.7592,NET30,2025-08-16
INV00207,M0128,Channel Freight UK,Les Entrepots du Fleuve,Quebec City,3785.94,Canned goods,8954,404.69,3623594.26,EUR,1.5461,NET30,2025-10-20
INV00208,M0002,Mediterranean Commerce SRL,Atlantic Commerce Group,Longueuil,3616.33,Cotton textiles,4059,441.67,1792738.53,EUR,1.692,NET30,2025-03-28
INV00209,M0009,Mediterranean Commerce SRL,Metro Supply Chain,Toronto,1623.63,Cotton textiles,9521,419.82,3997106.22,GBP,1.7033,CAD,2025-11-23
INV00210,M0180,Iberian Logistics SL,St-Laurent Logistics,Laval,8456.14,Auto parts - brakes,9797,288.28,2824279.16,USD,1.4937,LC_AT_SIGHT,2025-02-25
INV00211,M0110,Hanseatic Trade AG,St-Laurent Logistics,Toronto,9845.52,Steel coils,9068,37.14,336785.52,EUR,1.6148,NET60,2025-10-02
INV00212,M0028,Iberian Logistics SL,Eastern Canada Imports Ltd,Laval,9887.46,Polyethylene pellets,9411,366.22,3446496.42,EUR,1.8087,NET90,2025-09-19
INV00213,M0160,Channel Freight UK,Atlantic Commerce Group,Laval,7690.73,Canned goods,5847,463.92,2712540.24,GBP,1.8302,NET60,2025-12-10
INV00214,M0050,Hanseatic Trade AG,Eastern Canada Imports Ltd,Quebec City,8863.62,Electronic components,75,63.51,4763.25,USD,1.5098,NET60,2025-01-21
INV00215,M0052,Atlantic Exports BV,Canadian Wholesale Group,Sherbrooke,7480.51,Electronic components,4664,130.94,610704.16,EUR,1.7115,NET90,2025-07-24
INV00216,M0146,Nordic Shipping AB,Metro Supply Chain,Trois-Rivieres,9671.70,Electronic components,527,416.86,219685.22,GBP,1.5889,LC_AT_SIGHT,2025-09-11
INV00217,M0119,Rhine Trading GmbH,Ontario Imports Corp,Sherbrooke,8296.50,Steel coils,6832,464.26,3171824.32,EUR,1.3112,CAD,2025-11-11
INV00218,M0091,Mediterranean Commerce SRL,Distribution Quebec Inc.,Trois-Rivieres,5890.78,Cotton textiles,1134,484.96,549944.64,EUR,1.6634,NET60,2025-10-04
INV00219,M0193,Global Commodities Ltd,Distribution Quebec Inc.,Sherbrooke,6221.73,Industrial pumps,5100,354.11,1805961.0,USD,1.5711,NET90,2025-04-17
INV00220,M0078,Rhine Trading GmbH,Maple Leaf Trading Co,Toronto,6674.13,Canned goods,2917,60.55,176624.35,EUR,1.3924,NET90,2025-08-24
INV00221,M0135,Euro Freight SA,Eastern Canada Imports Ltd,Longueuil,9626.36,Electronic components,5134,388.89,1996561.26,EUR,1.5326,CAD,2025-02-01
INV00222,M0080,Channel Freight UK,Eastern Canada Imports Ltd,Trois-Rivieres,6915.23,Steel coils,771,345.09,266064.39,USD,1.3135,NET90,2025-11-07
INV00223,M0083,Mediterranean Commerce SRL,Ontario Imports Corp,Trois-Rivieres,6695.25,Household appliances,3335,100.31,334533.85,GBP,1.3945,NET30,2025-01-20
INV00224,M0144,Iberian Logistics SL,Metro Supply Chain,Longueuil,5044.28,Household appliances,8472,55.68,471720.96,EUR,1.4469,NET30,2025-05-20
INV00225,M0087,Euro Freight SA,Distribution Quebec Inc.,Laval,9616.23,Polyethylene pellets,8906,224.61,2000376.66,EUR,1.3517,LC_AT_SIGHT,2025-03-23
INV00226,M0153,Hanseatic Trade AG,Atlantic Commerce Group,Trois-Rivieres,4952.35,Steel coils,9761,316.59,3090234.99,EUR,1.8842,LC_AT_SIGHT,2025-10-05
INV00227,M0024,Mediterranean Commerce SRL,Les Entrepots du Fleuve,Laval,3938.28,Pharmaceutical ingredients,7722,53.15,410424.3,USD,1.8477,LC_AT_SIGHT,2025-03-23
INV00228,M0171,Global Commodities Ltd,Les Entrepots du Fleuve,Laval,1318.70,Auto parts - brakes,5462,395.45,2159947.9,USD,1.5872,NET60,2025-05-25
INV00229,M0090,Iberian Logistics SL,Eastern Canada Imports Ltd,Gatineau,2351.81,Auto parts - brakes,9953,289.47,2881094.91,USD,1.6196,LC_AT_SIGHT,2025-10-14
INV00230,M0062,Hanseatic Trade AG,Great Northern Distribution,Toronto,5336.98,Pharmaceutical ingredients,4042,276.23,1116521.66,EUR,1.7706,LC_AT_SIGHT,2025-10-26
INV00231,M0088,Euro Freight SA,Eastern Canada Imports Ltd,Hamilton,7224.85,Pharmaceutical ingredients,8971,348.6,3127290.6,EUR,1.4952,NET30,2025-08-06
INV00232,M0079,Atlantic Exports BV,Atlantic Commerce Group,Gatineau,5173.92,Electronic components,6698,39.46,264303.08,EUR,1.4306,NET60,2025-10-25
INV00233,M0163,Euro Freight SA,Les Entrepots du Fleuve,Longueuil,4759.88,Pharmaceutical ingredients,53,379.75,20126.75,EUR,1.4174,NET90,2025-05-19
INV00234,M0174,TransEuropa SpA,Metro Supply Chain,Toronto,8411.88,Steel coils,5039,459.66,2316226.74,EUR,1.8086,NET90,2025-01-12
INV00235,M0141,Iberian Logistics SL,Metro Supply Chain,Toronto,4613.40,Polyethylene pellets,920,5.42,4986.4,EUR,1.5366,NET90,2025-12-13
INV00236,M0104,Nordic Shipping AB,St-Laurent Logistics,Laval,2734.81,Polyethylene pellets,6301,220.42,1388866.42,USD,1.804,NET60,2025-05-28
INV00237,M0172,Atlantic Exports BV,Distribution Quebec Inc.,Ottawa,7294.65,Cotton textiles,2106,71.47,150515.82,EUR,1.3823,LC_AT_SIGHT,2025-08-26
INV00238,M0179,Channel Freight UK,St-Laurent Logistics,Laval,7564.80,Canned goods,9952,465.5,4632656.0,EUR,1.5132,NET60,2025-07-20
INV00239,M0002,Nordic Shipping AB,Ontario Imports Corp,Sherbrooke,6279.83,Office furniture,9518,251.59,2394633.62,EUR,1.8869,CAD,2025-08-23
INV00240,M0095,Atlantic Exports BV,St-Laurent Logistics,Longueuil,4569.76,Auto parts - brakes,1904,292.23,556405.92,EUR,1.8339,NET30,2025-04-16
INV00241,M0162,Iberian Logistics SL,Atlantic Commerce Group,Sherbrooke,8816.53,Steel coils,1329,343.62,456670.98,EUR,1.5813,CAD,2025-08-19
INV00242,M0188,Mediterranean Commerce SRL,Canadian Wholesale Group,Ottawa,1498.86,Household appliances,5481,213.4,1169645.4,EUR,1.4563,LC_AT_SIGHT,2025-10-06
INV00243,M0147,Mediterranean Commerce SRL,Atlantic Commerce Group,Montreal,4672.20,Cotton textiles,895,329.88,295242.6,EUR,1.3461,NET90,2025-05-05
INV00244,M0158,Mediterranean Commerce SRL,Distribution Quebec Inc.,Toronto,8732.85,Cotton textiles,4653,141.23,657143.19,EUR,1.5219,NET60,2025-05-26
INV00245,M0180,Iberian Logistics SL,Distribution Quebec Inc.,Trois-Rivieres,2028.86,Cotton textiles,3919,245.03,960272.57,EUR,1.7517,LC_AT_SIGHT,2025-07-08
INV00246,M0170,Euro Freight SA,Maple Leaf Trading Co,Hamilton,5416.92,Household appliances,7261,364.37,2645690.57,EUR,1.3315,LC_AT_SIGHT,2025-07-16
INV00247,M0078,Iberian Logistics SL,Maple Leaf Trading Co,Gatineau,9759.70,Household appliances,7853,374.34,2939692.02,GBP,1.6183,LC_AT_SIGHT,2025-01-10
INV00248,M0115,Iberian Logistics SL,Distribution Quebec Inc.,Toronto,7891.55,Polyethylene pellets,6308,340.85,2150081.8,EUR,1.8508,NET90,2025-06-09
INV00249,M0069,Channel Freight UK,Great Northern Distribution,Laval,9640.96,Pharmaceutical ingredients,1660,131.4,218124.0,GBP,1.612,NET60,2025-06-18
INV00250,M0003,Rhine Trading GmbH,Great Northern Distribution,Toronto,7723.97,Canned goods,188,416.69,78337.72,USD,1.4316,NET90,2025-05-07
INV00251,M0009,Rhine Trading GmbH,Atlantic Commerce Group,Quebec City,8691.25,Auto parts - brakes,438,311.6,136480.8,EUR,1.8139,NET60,2025-07-22
INV00252,M0196,Euro Freight SA,Eastern Canada Imports Ltd,Ottawa,4247.69,Auto parts - brakes,9324,402.58,3753655.92,EUR,1.8536,NET90,2025-07-23
INV00253,M0171,Atlantic Exports BV,Canadian Wholesale Group,Montreal,5859.52,Electronic components,5348,132.38,707968.24,USD,1.8734,NET90,2025-03-15
INV00254,M0018,Nordic Shipping AB,Atlantic Commerce Group,Gatineau,3292.72,Auto parts - brakes,8106,489.81,3970399.86,GBP,1.6244,LC_AT_SIGHT,2025-04-20
INV00255,M0165,Mediterranean Commerce SRL,Eastern Canada Imports Ltd,Montreal,1919.83,Household appliances,1790,456.74,817564.6,EUR,1.3113,LC_AT_SIGHT,2025-03-21
INV00256,M0164,TransEuropa SpA,Canadian Wholesale Group,Ottawa,9952.60,Pharmaceutical ingredients,64,466.78,29873.92,EUR,1.6092,LC_AT_SIGHT,2025-08-14
INV00257,M0104,Rhine Trading GmbH,Great Northern Distribution,Laval,2582.78,Office furniture,1198,272.36,326287.28,USD,1.7091,LC_AT_SIGHT,2025-01-21
INV00258,M0166,Global Commodities Ltd,Eastern Canada Imports Ltd,Laval,4792.35,Cotton textiles,1535,185.85,285279.75,EUR,1.3236,LC_AT_SIGHT,2025-11-07
INV00259,M0077,Global Commodities Ltd,Les Entrepots du Fleuve,Toronto,9066.34,Cotton textiles,6441,448.75,2890398.75,EUR,1.4159,CAD,2025-04-16
INV00260,M0100,Mediterranean Commerce SRL,Les Entrepots du Fleuve,Longueuil,6712.14,Office furniture,1082,397.41,429997.62,EUR,1.5026,NET30,2025-07-04
INV00261,M0055,Iberian Logistics SL,St-Laurent Logistics,Hamilton,3919.14,Cotton textiles,8620,231.89,1998891.8,EUR,1.6923,LC_AT_SIGHT,2025-10-02
INV00262,M0063,Rhine Trading GmbH,Canadian Wholesale Group,Toronto,6888.31,Pharmaceutical ingredients,2188,12.11,26496.68,EUR,1.7907,NET30,2025-02-16
INV00263,M0153,Nordic Shipping AB,Great Northern Distribution,Trois-Rivieres,9661.51,Auto parts - brakes,3663,36.24,132747.12,EUR,1.6275,NET90,2025-04-25
INV00264,M0012,Atlantic Exports BV,Eastern Canada Imports Ltd,Sherbrooke,2863.31,Office furniture,9767,90.86,887429.62,EUR,1.399,NET60,2025-10-02
INV00265,M0035,Channel Freight UK,Great Northern Distribution,Ottawa,1272.20,Electronic components,1687,396.57,669013.59,EUR,1.4076,NET30,2025-12-21
INV00266,M0152,Hanseatic Trade AG,St-Laurent Logistics,Quebec City,2891.44,Steel coils,4698,211.03,991418.94,EUR,1.5472,NET60,2025-10-23
INV00267,M0010,Hanseatic Trade AG,Atlantic Commerce Group,Toronto,9048.54,Polyethylene pellets,9819,94.1,923967.9,EUR,1.6346,NET60,2025-02-17
INV00268,M0025,Iberian Logistics SL,Ontario Imports Corp,Quebec City,6990.94,Industrial pumps,5979,432.05,2583226.95,USD,1.3318,NET30,2025-03-22
INV00269,M0122,Rhine Trading GmbH,Distribution Quebec Inc.,Trois-Rivieres,4636.65,Household appliances,8201,92.28,756788.28,USD,1.6701,LC_AT_SIGHT,2025-01-04
INV00270,M0190,Euro Freight SA,St-Laurent Logistics,Montreal,7275.24,Auto parts - brakes,909,462.81,420694.29,GBP,1.7328,CAD,2025-10-11
INV00271,M0108,Global Commodities Ltd,Maple Leaf Trading Co,Toronto,5139.22,Industrial pumps,3306,374.81,1239121.86,EUR,1.8219,LC_AT_SIGHT,2025-04-03
INV00272,M0121,TransEuropa SpA,St-Laurent Logistics,Quebec City,8868.32,Polyethylene pellets,9636,244.78,2358700.08,USD,1.3818,NET60,2025-11-12
INV00273,M0070,Rhine Trading GmbH,Atlantic Commerce Group,Montreal,4527.24,Canned goods,3363,171.27,575981.01,EUR,1.5509,NET90,2025-04-10
INV00274,M0155,Channel Freight UK,St-Laurent Logistics,Hamilton,8039.21,Polyethylene pellets,2618,395.83,1036282.94,EUR,1.5935,NET60,2025-10-16
INV00275,M0119,TransEuropa SpA,Maple Leaf Trading Co,Quebec City,5165.84,Industrial pumps,4623,12.18,56308.14,EUR,1.8678,CAD,2025-01-14
INV00276,M0012,Iberian Logistics SL,Distribution Quebec Inc.,Gatineau,7760.71,Auto parts - brakes,706,495.68,349950.08,EUR,1.5972,NET30,2025-09-25
INV00277,M0004,Euro Freight SA,Metro Supply Chain,Sherbrooke,4092.21,Electronic components,6712,475.22,3189676.64,EUR,1.7014,NET60,2025-12-15
INV00278,M0147,Hanseatic Trade AG,Les Entrepots du Fleuve,Ottawa,6133.57,Canned goods,9612,17.08,164172.96,EUR,1.8162,NET30,2025-07-23
INV00279,M0086,TransEuropa SpA,Canadian Wholesale Group,Hamilton,7983.36,Auto parts - brakes,8748,21.19,185370.12,EUR,1.8285,NET30,2025-09-22
INV00280,M0094,Global Commodities Ltd,Les Entrepots du Fleuve,Hamilton,1556.56,Cotton textiles,894,59.93,53577.42,EUR,1.7229,CAD,2025-12-25
INV00281,M0053,Nordic Shipping AB,Ontario Imports Corp,Toronto,9371.84,Industrial pumps,2317,490.72,1136998.24,GBP,1.4923,NET90,2025-09-22
INV00282,M0109,Global Commodities Ltd,Metro Supply Chain,Laval,7274.77,Auto parts - brakes,4590,31.96,146696.4,EUR,1.7259,CAD,2025-05-15
INV00283,M0159,Atlantic Exports BV,Maple Leaf Trading Co,Laval,2120.60,Cotton textiles,6081,400.95,2438176.95,USD,1.875,NET30,2025-02-06
INV00284,M0071,Hanseatic Trade AG,St-Laurent Logistics,Quebec City,7690.12,Household appliances,1885,350.06,659863.1,EUR,1.8817,CAD,2025-03-16
INV00285,M0089,Rhine Trading GmbH,Canadian Wholesale Group,Quebec City,1812.39,Steel coils,6933,224.71,1557914.43,USD,1.547,NET90,2025-11-21
INV00286,M0084,Iberian Logistics SL,Ontario Imports Corp,Laval,6848.82,Cotton textiles,8015,298.71,2394160.65,USD,1.403,NET90,2025-04-16
INV00287,M0096,Rhine Trading GmbH,St-Laurent Logistics,Trois-Rivieres,4668.31,Pharmaceutical ingredients,4770,386.03,1841363.1,GBP,1.7271,NET90,2025-03-06
INV00288,M0182,Atlantic Exports BV,Distribution Quebec Inc.,Trois-Rivieres,8326.66,Household appliances,2564,84.82,217478.48,USD,1.4107,CAD,2025-12-02
INV00289,M0171,Euro Freight SA,Metro Supply Chain,Laval,7930.78,Household appliances,5242,489.12,2563967.04,EUR,1.8523,LC_AT_SIGHT,2025-08-25
INV00290,M0038,Euro Freight SA,Distribution Quebec Inc.,Longueuil,7452.92,Household appliances,7554,464.27,3507095.58,EUR,1.8376,CAD,2025-11-05
INV00291,M0145,Atlantic Exports BV,Les Entrepots du Fleuve,Montreal,2796.80,Auto parts - brakes,7293,172.65,1259136.45,USD,1.3149,CAD,2025-04-15
INV00292,M0092,Channel Freight UK,Maple Leaf Trading Co,Hamilton,7738.45,Industrial pumps,1565,166.55,260650.75,EUR,1.3502,LC_AT_SIGHT,2025-11-22
INV00293,M0023,Hanseatic Trade AG,Metro Supply Chain,Hamilton,8775.17,Office furniture,8435,200.24,1689024.4,EUR,1.3888,LC_AT_SIGHT,2025-06-13
INV00294,M0096,Global Commodities Ltd,Canadian Wholesale Group,Laval,8121.37,Canned goods,249,145.9,36329.1,EUR,1.7822,NET90,2025-03-26
INV00295,M0187,TransEuropa SpA,St-Laurent Logistics,Hamilton,8621.28,Industrial pumps,6994,365.66,2557426.04,USD,1.5848,CAD,2025-06-03
INV00296,M0152,TransEuropa SpA,Canadian Wholesale Group,Gatineau,3281.69,Pharmaceutical ingredients,6206,48.78,302728.68,GBP,1.4196,LC_AT_SIGHT,2025-05-18
INV00297,M0126,Mediterranean Commerce SRL,Atlantic Commerce Group,Sherbrooke,7381.69,Industrial pumps,741,412.29,305506.89,EUR,1.7747,NET60,2025-05-10
INV00298,M0164,Mediterranean Commerce SRL,Great Northern Distribution,Ottawa,7298.92,Industrial pumps,7792,66.47,517934.24,EUR,1.3716,NET90,2025-08-03
INV00299,M0154,Channel Freight UK,Great Northern Distribution,Sherbrooke,9097.70,Auto parts - brakes,5977,292.63,1749049.51,USD,1.6075,CAD,2025-01-28
INV00300,M0067,Euro Freight SA,Metro Supply Chain,Laval,9827.55,Cotton textiles,2718,292.92,796156.56,EUR,1.4636,LC_AT_SIGHT,2025-11-12
